1,This is User's post,This is user1's post 1 description. Updated by Admin.,1,2,1,,5/29/2019 14:51,5/30/2019 4:10
2,This is Admin's post,This is admin's post 1 description. Updated by User1.,1,1,2,,5/29/2019 14:51,5/30/2019 8:16
3,deleniti,Totam iste corrupti placeat nostrum et totam soluta.,1,4,6,,5/29/2019 8:21,5/29/2019 8:21
4,deserunt,Nam qui veritatis ea tenetur quis earum.,1,2,5,,5/29/2019 8:21,5/29/2019 8:21
5,illum,Nemo ratione debitis sunt dolorem.,1,7,9,,5/29/2019 8:21,5/29/2019 8:21
6,est,Ea quis doloremque similique.,1,7,,,5/29/2019 8:21,5/29/2019 8:21
7,enim,Vel fuga beatae officiis a voluptate.,1,2,2,,5/29/2019 8:21,5/29/2019 8:21
8,error,Sit debitis dignissimos reiciendis accusantium voluptatibus molestias illum.,1,7,6,,5/29/2019 8:21,5/29/2019 8:21
9,error,Vel dignissimos consectetur eaque natus doloremque sapiente praesentium.,1,8,9,,5/29/2019 8:21,5/29/2019 8:21
10,reiciendis,Commodi aspernatur fuga laudantium provident quo consequatur.,1,2,8,,5/29/2019 8:21,5/29/2019 8:21
12,minus,Hic fugiat dolor id.,1,8,5,,5/29/2019 8:21,5/29/2019 8:21
13,ipsum,Enim temporibus cumque iure minus laborum.,1,1,,,5/29/2019 8:21,5/29/2019 8:21
14,et,Quo enim quasi nulla nam rerum nihil quo.,1,3,3,,5/29/2019 8:21,5/29/2019 8:21
16,reiciendis,Sit vel modi officia nisi enim exercitationem et.,1,2,6,,5/29/2019 8:21,5/29/2019 8:21
17,id,Voluptatem rem atque odio aspernatur voluptas.,1,3,2,,5/29/2019 8:21,5/29/2019 8:21
19,debitis,Aut quas quia repellat.,1,8,2,,5/29/2019 8:21,5/29/2019 8:21
20,aut,Fuga vel quaerat maxime non dolor deleniti quia.,1,9,3,,5/29/2019 8:21,5/29/2019 8:21
22,illum,Provident beatae dolorem minima natus.,1,9,8,,5/29/2019 8:21,5/29/2019 8:21
23,a,Quia ut similique ab ipsam et labore tempore.,1,4,4,,5/29/2019 8:21,5/29/2019 8:21
25,aut,Modi aut excepturi saepe quia quibusdam suscipit.,1,6,6,,5/29/2019 8:21,5/29/2019 8:21
26,fugit,Accusantium quod est amet debitis.,1,1,2,,5/29/2019 8:21,5/29/2019 8:21
27,illum,Possimus sit eius unde beatae perspiciatis nam.,1,2,6,,5/29/2019 8:21,5/29/2019 8:21
28,consequatur,Id fugiat ea illo libero quaerat vel fugiat.,1,7,,,5/29/2019 8:21,5/29/2019 8:21
30,aperiam,Officiis dolore voluptas nam iusto doloremque recusandae.,1,3,3,,5/29/2019 8:21,5/29/2019 8:21
31,harum,Beatae vel repudiandae nesciunt exercitationem quos culpa laudantium in.,1,8,2,,5/29/2019 8:21,5/29/2019 8:21
32,corrupti,Incidunt quo similique nulla ipsum.,1,1,8,,5/29/2019 8:21,5/29/2019 8:21
33,vel,Architecto provident quo sint temporibus.,1,1,5,,5/29/2019 8:21,5/29/2019 8:21
34,qui,Aut voluptatibus accusamus corporis laudantium nulla qui.,1,2,,,5/29/2019 8:21,5/29/2019 8:21
35,sequi,Autem possimus qui dolorem quia.,1,2,2,,5/29/2019 8:21,5/29/2019 8:21
36,adipisci,Ut et quaerat debitis ut.,1,1,3,,5/29/2019 8:21,5/29/2019 8:21
37,mollitia,Ut est omnis accusantium voluptas consequuntur voluptates sunt.,1,6,6,,5/29/2019 8:21,5/29/2019 8:21
38,amet,Voluptatem consequatur accusamus et itaque.,1,5,5,,5/29/2019 8:21,5/29/2019 8:21
39,molestiae,Eveniet ea repudiandae est.,1,2,1,,5/29/2019 8:21,5/29/2019 8:21
40,minima,Vitae ut qui ut at similique voluptatibus quia.,1,4,9,,5/29/2019 8:21,5/29/2019 8:21
41,fugiat,Quis dolor necessitatibus enim ducimus nihil.,1,3,9,,5/29/2019 8:21,5/29/2019 8:21
42,deserunt,Voluptas esse voluptatem sit voluptas reiciendis.,1,5,7,,5/29/2019 8:21,5/29/2019 8:21
43,autem,Et nulla ut non sit commodi temporibus.,1,9,,,5/29/2019 8:21,5/29/2019 8:21
44,inventore,Atque fuga et consectetur adipisci.,1,8,1,,5/29/2019 8:21,5/29/2019 8:21
45,corrupti,Mollitia consequatur laudantium adipisci qui enim.,1,7,1,,5/29/2019 8:21,5/29/2019 8:21
46,voluptatum,Officiis recusandae consequatur sed eum assumenda.,1,9,6,,5/29/2019 8:21,5/29/2019 8:21
47,voluptatem,Enim eius iste tenetur saepe libero.,1,1,1,,5/29/2019 8:21,5/29/2019 8:21
48,sequi,Vel reprehenderit blanditiis ea earum modi molestias blanditiis.,1,9,7,,5/29/2019 8:21,5/29/2019 8:21
49,aut,Vel minima assumenda consectetur sequi.,1,2,2,,5/29/2019 8:21,5/29/2019 8:21
50,enim,Similique ut tempora in non.,1,9,9,,5/29/2019 8:21,5/29/2019 8:21
51,distinctio,Velit excepturi sed similique non.,1,2,8,,5/29/2019 8:21,5/29/2019 8:21
52,aut,Quod quidem et dolorem.,1,4,1,,5/29/2019 8:22,5/29/2019 8:22
54,eos,Ut amet porro porro distinctio quia nam est.,1,2,1,,5/29/2019 8:23,5/29/2019 8:23
55,architecto,At veritatis eligendi nisi velit totam omnis.,1,8,,,5/29/2019 8:23,5/29/2019 8:23
56,minus,Omnis ipsa exercitationem veritatis repudiandae nisi ut velit voluptas.,1,6,5,,5/29/2019 8:23,5/29/2019 8:23
57,quia,Error reprehenderit aut perferendis eum quos ea.,1,8,8,,5/29/2019 8:23,5/29/2019 8:23
59,quibusdam,Ab quia qui ut dolores aperiam omnis dolore.,1,2,4,,5/29/2019 8:23,5/29/2019 8:23
60,tenetur,Asperiores qui qui occaecati quaerat.,1,4,9,,5/29/2019 8:23,5/29/2019 8:23
61,et,Corrupti consequuntur magni id laudantium sit.,1,3,9,,5/29/2019 8:23,5/29/2019 8:23
63,quam,Quo cumque voluptatem recusandae itaque possimus natus.,1,9,1,,5/29/2019 8:23,5/29/2019 8:23
64,eligendi,Et eos ipsam provident laborum sit ut est.,1,8,9,,5/29/2019 8:23,5/29/2019 8:23
65,incidunt,Quia labore corporis magni non distinctio quis commodi.,1,5,1,,5/29/2019 8:23,5/29/2019 8:23
66,qui,Nihil ad consectetur voluptas explicabo.,1,9,3,,5/29/2019 8:23,5/29/2019 8:23
67,eos,Dolor placeat officiis sequi est.,1,5,7,,5/29/2019 8:23,5/29/2019 8:23
68,vel,Tempora tenetur non ut numquam molestiae.,1,9,1,,5/29/2019 8:23,5/29/2019 8:23
69,fugiat,Vero laboriosam et temporibus voluptatum neque ipsam.,1,6,2,,5/29/2019 8:23,5/29/2019 8:23
70,qui,Enim cupiditate voluptas voluptatem sit.,1,1,1,,5/29/2019 8:23,5/29/2019 8:23
71,sed,Quod exercitationem rem occaecati omnis sit nemo dolorem cum.,1,7,7,,5/29/2019 8:23,5/29/2019 8:23
73,sunt,Asperiores laboriosam possimus sunt et quis.,1,8,,,5/29/2019 8:23,5/29/2019 8:23
74,facilis,Corporis vero nemo facilis natus ducimus voluptatum qui voluptas.,1,1,2,,5/29/2019 8:23,5/29/2019 8:23
75,harum,Neque rerum asperiores ut nisi id voluptate.,1,8,6,,5/29/2019 8:23,5/29/2019 8:23
76,at,Quia et quis fuga fugit qui aut.,1,8,5,,5/29/2019 8:23,5/29/2019 8:23
77,quo,Ut et libero aut quibusdam.,1,9,9,,5/29/2019 8:23,5/29/2019 8:23
78,consequuntur,Aspernatur optio nulla quia amet quia atque voluptatem.,1,1,5,,5/29/2019 8:23,5/29/2019 8:23
80,delectus,Eius totam ullam praesentium ea molestiae consequatur rerum.,1,4,1,,5/29/2019 8:23,5/29/2019 8:23
82,voluptatem,Id necessitatibus dicta vel aliquid a minus.,1,6,1,,5/29/2019 8:23,5/29/2019 8:23
83,enim,Animi praesentium voluptatem impedit consequatur ipsum enim totam quia.,1,6,4,,5/29/2019 8:23,5/29/2019 8:23
84,perferendis,Et dignissimos qui repudiandae quidem et nobis commodi ducimus.,1,2,1,,5/29/2019 8:23,5/29/2019 8:23
85,ut,Vel et et ratione voluptate.,1,9,5,,5/29/2019 8:23,5/29/2019 8:23
86,ipsam,Aspernatur quam ut minima voluptas itaque maxime.,1,8,2,,5/29/2019 8:23,5/29/2019 8:23
87,dolor,Quidem rem eum voluptate vitae.,1,1,9,,5/29/2019 8:23,5/29/2019 8:23
88,iure,Perferendis sint cumque id voluptatibus odit sed.,1,3,8,,5/29/2019 8:23,5/29/2019 8:23
90,asperiores,Voluptatem praesentium qui qui velit rerum cupiditate animi.,1,8,7,,5/29/2019 8:23,5/29/2019 8:23
91,est,Similique fugiat atque architecto aspernatur excepturi ut qui.,1,3,7,,5/29/2019 8:23,5/29/2019 8:23
92,fugiat,Voluptatem expedita atque eos accusamus.,1,8,5,,5/29/2019 8:23,5/29/2019 8:23
93,doloribus,Sunt consequatur tempora suscipit quam placeat vitae dolorem.,1,6,9,,5/29/2019 8:23,5/29/2019 8:23
94,laboriosam,Itaque in nisi debitis quis mollitia optio accusantium.,1,1,,,5/29/2019 8:23,5/29/2019 8:23
96,officia,Laboriosam nisi tempore earum dolor ab.,1,2,2,,5/29/2019 8:23,5/29/2019 8:23
97,molestiae,Ut repellendus nulla corporis qui placeat.,1,2,9,,5/29/2019 8:23,5/29/2019 8:23
98,quia,Et eos reprehenderit consectetur ratione vero veritatis.,1,6,6,,5/29/2019 8:23,5/29/2019 8:23
100,voluptatem,Qui numquam recusandae rerum qui.,1,4,,,5/29/2019 8:23,5/29/2019 8:23
101,quod,Deleniti doloribus est sint est qui.,1,6,6,,5/29/2019 8:23,5/29/2019 8:23
102,qui,Vel ipsa recusandae non tempora harum excepturi ducimus.,1,4,1,,5/29/2019 8:23,5/29/2019 8:23
103,consectetur,Architecto sint qui corporis aut suscipit dolorem.,1,7,6,,5/29/2019 8:23,5/29/2019 8:23
104,qui,Debitis molestias deleniti voluptatem id aut ipsa non.,1,8,,,5/29/2019 8:23,5/29/2019 8:23
105,omnis,Ullam enim quis consequatur eum possimus dignissimos veritatis.,1,5,1,,5/29/2019 8:23,5/29/2019 8:23
106,tempore,Maiores quo dolorem repudiandae ut.,1,9,9,,5/29/2019 8:23,5/29/2019 8:23
107,autem,Deleniti autem quaerat eligendi molestias sit.,1,8,3,,5/29/2019 8:23,5/29/2019 8:23
108,velit,Officia voluptatem et veritatis.,1,2,7,,5/29/2019 8:23,5/29/2019 8:23
109,quod,Debitis nihil consequatur alias qui cumque.,1,1,7,,5/29/2019 8:23,5/29/2019 8:23
110,laboriosam,Voluptatum iste et sint perspiciatis ut modi.,1,2,3,,5/29/2019 8:23,5/29/2019 8:23
111,velit,Et aut consequatur ex eos dignissimos.,1,7,3,,5/29/2019 8:23,5/29/2019 8:23
112,porro,Dolor necessitatibus sed saepe qui cum.,1,4,1,,5/29/2019 8:23,5/29/2019 8:23
113,omnis,Sed consequuntur animi incidunt eos.,1,1,8,,5/29/2019 8:23,5/29/2019 8:23
114,quia,Unde ducimus qui quae enim ut quasi.,1,2,3,,5/29/2019 8:23,5/29/2019 8:23
115,voluptatem,Voluptatem nostrum tenetur eos voluptatem veniam sunt et eum.,1,3,8,,5/29/2019 8:23,5/29/2019 8:23
116,temporibus,Temporibus delectus adipisci voluptate rerum aut vel quos.,1,3,6,,5/29/2019 8:23,5/29/2019 8:23
117,voluptas,Adipisci placeat ipsum veritatis maiores totam.,1,4,6,,5/29/2019 8:23,5/29/2019 8:23
118,occaecati,Possimus numquam debitis eos dolor et molestiae.,1,3,8,,5/29/2019 8:23,5/29/2019 8:23
119,unde,Est aut dolor perferendis illum cum dolore eum.,1,8,1,,5/29/2019 8:23,5/29/2019 8:23
120,laboriosam,Quidem architecto id eos.,1,3,7,,5/29/2019 8:23,5/29/2019 8:23
121,sed,Repudiandae quis ut beatae recusandae et.,1,1,,,5/29/2019 8:23,5/29/2019 8:23
122,ad,Totam architecto temporibus et atque perspiciatis eos.,1,5,4,,5/29/2019 8:23,5/29/2019 8:23
123,nobis,Consequatur nemo et impedit officia.,1,3,6,,5/29/2019 8:23,5/29/2019 8:23
124,vero,Praesentium quod est autem unde.,1,5,3,,5/29/2019 8:23,5/29/2019 8:23
125,similique,Omnis quam aspernatur sit veniam magnam adipisci.,1,8,2,,5/29/2019 8:23,5/29/2019 8:23
126,dolore,Voluptatem natus omnis quisquam aut culpa iste.,1,9,7,,5/29/2019 8:23,5/29/2019 8:23
127,rerum,Id velit sit nostrum.,1,6,3,,5/29/2019 8:23,5/29/2019 8:23
128,quo,Blanditiis odio fuga sed itaque cupiditate quis mollitia.,1,9,7,,5/29/2019 8:23,5/29/2019 8:23
129,itaque,Optio quia nam quis omnis.,1,3,1,,5/29/2019 8:23,5/29/2019 8:23
130,maiores,Ipsam eaque reiciendis voluptatem.,1,7,8,,5/29/2019 8:23,5/29/2019 8:23
131,est,Unde quis distinctio architecto ipsa.,1,3,3,,5/29/2019 8:23,5/29/2019 8:23
132,est,Voluptas iure dolorem sint unde vitae consequatur enim magnam.,1,2,6,,5/29/2019 8:23,5/29/2019 8:23
133,dolore,Nesciunt facere doloremque laborum alias.,1,9,8,,5/29/2019 8:23,5/29/2019 8:23
134,consequatur,Iure ipsam ratione perspiciatis veritatis fugiat.,1,1,7,,5/29/2019 8:23,5/29/2019 8:23
135,saepe,Est eos excepturi fugit doloribus dolor consectetur.,1,1,4,,5/29/2019 8:23,5/29/2019 8:23
136,sit,Eos voluptatem facilis non sit dolorem suscipit.,1,3,3,,5/29/2019 8:23,5/29/2019 8:23
137,facilis,Voluptatem eum hic qui voluptas.,1,5,1,,5/29/2019 8:23,5/29/2019 8:23
138,qui,Modi et est explicabo impedit aut.,1,4,,,5/29/2019 8:23,5/29/2019 8:23
139,omnis,Excepturi non ab delectus saepe natus.,1,3,4,,5/29/2019 8:23,5/29/2019 8:23
140,illum,Eaque odio harum consequatur cum.,1,4,,,5/29/2019 8:23,5/29/2019 8:23
141,placeat,Veniam ipsam reprehenderit ut vel dicta atque.,1,5,7,,5/29/2019 8:23,5/29/2019 8:23
143,culpa,Nostrum et aliquam molestiae cum.,1,3,6,,5/29/2019 8:23,5/29/2019 8:23
144,debitis,Consequatur temporibus aut impedit nostrum rerum praesentium.,1,3,4,,5/29/2019 8:23,5/29/2019 8:23
145,veniam,Qui nulla necessitatibus aut qui temporibus qui adipisci qui.,1,6,2,,5/29/2019 8:23,5/29/2019 8:23
146,rerum,Ut ut fugit consequuntur est et.,1,3,9,,5/29/2019 8:23,5/29/2019 8:23
147,assumenda,Error perspiciatis fugiat et expedita sit rerum et.,1,2,7,,5/29/2019 8:23,5/29/2019 8:23
148,odit,Et consequatur sit quia asperiores et veniam praesentium.,1,7,7,,5/29/2019 8:23,5/29/2019 8:23
149,et,A iusto dolor quae reprehenderit.,1,5,2,,5/29/2019 8:23,5/29/2019 8:23
150,harum,Autem ratione molestiae qui atque consequatur fugit.,1,5,9,,5/29/2019 8:23,5/29/2019 8:23
151,quibusdam,Ratione quis eum sint itaque laudantium voluptas corporis.,1,5,7,,5/29/2019 8:23,5/29/2019 8:23
152,ut,Distinctio nemo eum ut earum qui iste.,1,9,6,,5/29/2019 8:23,5/29/2019 8:23
153,ullam,Ut quam architecto et ut tempora.,1,2,3,,5/29/2019 8:23,5/29/2019 8:23
154,non,Architecto eum ut voluptatem nesciunt repellat eum sed.,1,6,7,,5/29/2019 8:23,5/29/2019 8:23
155,maxime,Non dicta dolor architecto quis nostrum tempore vel aliquam.,1,2,9,,5/29/2019 8:23,5/29/2019 8:23
156,et,Velit tempore earum ipsa iste ratione impedit quisquam eligendi.,1,2,3,,5/29/2019 8:23,5/29/2019 8:23
157,neque,Odit maxime similique est sed iure dolorem.,1,9,8,,5/29/2019 8:23,5/29/2019 8:23
158,qui,Aperiam eaque alias repellat eius totam nisi.,1,9,5,,5/29/2019 8:23,5/29/2019 8:23
160,rerum,Voluptatum repudiandae omnis impedit iste nostrum laudantium.,1,7,1,,5/29/2019 8:23,5/29/2019 8:23
161,omnis,Aspernatur laudantium numquam officiis non ipsum commodi.,1,9,,,5/29/2019 8:23,5/29/2019 8:23
162,id,Non voluptatem aut quae accusamus repudiandae praesentium quia.,1,1,4,,5/29/2019 8:23,5/29/2019 8:23
163,placeat,Sed aut non et ipsa quia aut.,1,7,2,,5/29/2019 8:23,5/29/2019 8:23
164,sit,Blanditiis deleniti qui voluptatem et sapiente sapiente dolorem.,1,9,7,,5/29/2019 8:23,5/29/2019 8:23
165,unde,Odio explicabo sit quia harum voluptas mollitia.,1,3,4,,5/29/2019 8:23,5/29/2019 8:23
166,officiis,Pariatur animi mollitia quis.,1,2,8,,5/29/2019 8:23,5/29/2019 8:23
167,quisquam,Inventore sit voluptatem quas adipisci.,1,5,1,,5/29/2019 8:23,5/29/2019 8:23
168,minima,Veniam voluptatibus cum necessitatibus modi odit sint.,1,6,4,,5/29/2019 8:23,5/29/2019 8:23
169,illo,Accusantium eligendi qui illo illo praesentium.,1,7,6,,5/29/2019 8:23,5/29/2019 8:23
170,qui,Tenetur et qui asperiores eaque aut et.,1,7,9,,5/29/2019 8:23,5/29/2019 8:23
171,ut,Qui optio dolores id et nihil dolor dolorem.,1,6,7,,5/29/2019 8:23,5/29/2019 8:23
172,amet,Repellendus id in fugit quam similique repellat necessitatibus.,1,3,4,,5/29/2019 8:23,5/29/2019 8:23
174,sed,Odit non nihil maiores aut dolores.,1,4,6,,5/29/2019 8:23,5/29/2019 8:23
175,aut,Alias voluptatum possimus et unde libero.,1,3,2,,5/29/2019 8:23,5/29/2019 8:23
176,facilis,Labore voluptatem esse vitae quo architecto hic.,1,5,3,,5/29/2019 8:23,5/29/2019 8:23
177,accusantium,Impedit perferendis ut corporis dolores ut ipsam dolor.,1,8,7,,5/29/2019 8:23,5/29/2019 8:23
179,numquam,Eaque vel officiis officiis aut aut perferendis.,1,7,4,,5/29/2019 8:23,5/29/2019 8:23
180,saepe,Consequatur placeat et illum natus dolorum perspiciatis.,1,8,3,,5/29/2019 8:23,5/29/2019 8:23
181,rem,Numquam reprehenderit qui aut ut nisi dolores.,1,4,6,,5/29/2019 8:23,5/29/2019 8:23
182,tempora,Facilis neque ex laborum eveniet minima.,1,8,6,,5/29/2019 8:23,5/29/2019 8:23
183,nostrum,Qui tempore voluptatem minima non nostrum est facilis.,1,5,3,,5/29/2019 8:23,5/29/2019 8:23
184,quisquam,Esse omnis adipisci autem dolor natus dolores adipisci.,1,3,6,,5/29/2019 8:23,5/29/2019 8:23
185,et,Cupiditate distinctio sequi maiores eius vitae ut.,1,1,3,,5/29/2019 8:23,5/29/2019 8:23
186,at,Possimus consequuntur voluptatem eos eum.,1,8,6,,5/29/2019 8:23,5/29/2019 8:23
188,quibusdam,Inventore delectus eos quibusdam facilis.,1,9,7,,5/29/2019 8:23,5/29/2019 8:23
189,veniam,Et et expedita delectus.,1,6,2,,5/29/2019 8:23,5/29/2019 8:23
190,deleniti,Aspernatur nostrum fuga autem alias earum quis.,1,2,2,,5/29/2019 8:23,5/29/2019 8:23
191,voluptatem,Optio qui reiciendis dolorem est omnis aut.,1,6,8,,5/29/2019 8:23,5/29/2019 8:23
192,sed,Consectetur voluptatem rem rerum nostrum.,1,6,9,,5/29/2019 8:23,5/29/2019 8:23
193,quasi,Totam totam illo magnam repudiandae.,1,1,5,,5/29/2019 8:23,5/29/2019 8:23
194,quo,Itaque error veritatis commodi.,1,1,8,,5/29/2019 8:23,5/29/2019 8:23
195,nemo,Asperiores ullam voluptatem est nulla facilis quia.,1,4,5,,5/29/2019 8:23,5/29/2019 8:23
196,placeat,Repellendus nam quisquam unde consequuntur sit consequatur.,1,7,1,,5/29/2019 8:23,5/29/2019 8:23
197,qui,Natus animi quos blanditiis saepe eveniet nobis.,1,1,8,,5/29/2019 8:23,5/29/2019 8:23
198,ut,Saepe blanditiis qui distinctio nihil sunt sunt temporibus dignissimos.,1,3,6,,5/29/2019 8:23,5/29/2019 8:23
199,cum,Sit animi sapiente totam molestias pariatur.,1,4,9,,5/29/2019 8:23,5/29/2019 8:23
200,in,Sed nulla optio quia distinctio.,1,5,7,,5/29/2019 8:23,5/29/2019 8:23
201,numquam,Aliquam aspernatur voluptatum nam commodi architecto est.,1,3,1,,5/29/2019 8:23,5/29/2019 8:23
203,This is User1's post 2,This is User1's post 2 description.,1,2,2,,5/30/2019 7:59,5/30/2019 7:59
204,This is User 2 's post 1 title,"I'm trying to export the table ""formal"", to a simple excel file.
This post is updated by User 1",1,3,2,,6/3/2019 10:02,6/3/2019 10:42
